<BackupInst xmlns="http://www.microsoft.com/GroupPolicy/GPOOperations/Manifest"><GPOGuid><![CDATA[{37F0068D-421E-4F50-9DF6-362B2558643E}]]></GPOGuid><GPODomain><![CDATA[johnny.tld]]></GPODomain><GPODomainGuid><![CDATA[{b7322c6a-272f-4ef6-ae5e-664bbc4f4f2a}]]></GPODomainGuid><GPODomainController><![CDATA[DC1.johnny.tld]]></GPODomainController><BackupTime><![CDATA[2023-06-13T19:40:37]]></BackupTime><ID><![CDATA[{EF7A0C3C-8E25-4AC8-BAE1-74E0D3CC1559}]]></ID><Comment><![CDATA[Minimum Loggging Requirements for MDE]]></Comment><GPODisplayName><![CDATA[MDE Logging]]></GPODisplayName></BackupInst>
